AwnsTime,Date,Nombre,Inbox,Opened,NoLead,NoInbox,Pain,Qualify,Offer,Goal,Follow,AnFollows,Win,CAM,Recom,N-Offer,Min,Link,Delay,Vehiculo
3600,27/7/2025,Laura,157,104,21,,,,3,2,39,8,,,,,,,,0
3600,26/7/2025,Elias,118,95,21,,,,5,5,43,10,,,,,,,,0
3600,25/7/2025,Laura,31,24,7,,,,5,1,34,10,,,,,,,,0
3600,25/7/2025,Elias,30,24,5,,,,5,1,28,6,,,,,,,,0
3600,24/7/2025,Laura,52,34,5,,,,5,5,35,7,,,,,,,,0
3600,24/7/2025,Elias,52,45,6,,,,11,5,26,6,,,,,,,,0
3600,23/7/2025,Laura,42,40,10,,,,3,3,9,9,,,,,,,,0
3600,23/7/2025,Elias,43,35,17,,,,5,3,33,10,,,,,,,,0
3600,22/7/2025,Elias,41,26,16,,,,4,2,29,7,,,,,,,,0
3600,22/7/2025,Laura,41,24,12,,,,3,0,40,11,,,,,,,,0
3600,21/7/2025,Elias,41,38,15,,,,5,3,14,4,,,,,,,,0
3600,21/7/2025,Laura,40,36,13,,,,2,2,26,5,,,,,,,,0
3600,20/7/2025,Laura,82,34,19,,,,5,2,58,9,,,,,,,,0
3600,19/7/2025,Elias,71,43,14,,,,3,1,18,6,,,,,,,,0
3600,18/7/2025,Laura,22,17,9,,,,4,3,41,8,,,,,,,,0
3600,18/7/2025,Elias,22,10,7,,,,3,5,28,5,,,,,,,,0
3600,17/7/2025,Laura,27,25,12,,,,7,3,19,7,,,,,,,,0
3600,17/7/2025,Elias,27,14,11,,,,2,1,26,9,,,,,,,,0
3600,16/7/2025,Laura,38,23,9,,,,2,3,14,9,,,,,,,,0
3600,16/7/2025,Elias,38,32,12,,,,11,3,32,10,,,,,,,,0
3600,15/7/2025,Laura,33,22,12,,,,5,3,31,12,,,,,,,,0
3600,15/7/2025,Elias,34,35,15,,,,5,5,37,12,,,,,,,,0
3600,14/7/2025,Laura,30,29,10,,,,5,3,56,16,,,,,,,,0
3600,14/7/2025,Elias,31,43,14,,,,12,3,21,4,,,,,,,,0
3600,13/7/2025,Laura,72,69,20,,,,5,3,47,12,,,,,,,,0
3600,12/7/2025,Elias,51,59,20,,,,11,6,28,11,,,,,,,,0
3600,11/7/2025,Laura,29,31,10,,,,6,1,39,8,,,,,,,,0
3600,11/7/2025,Elias,29,58,10,,,,3,1,28,6,,,,,,,,0
3600,10/7/2025,Elias,170,26,6,,,,5,2,30,8,,,,,,,,0
3600,10/7/2025,Laura,170,30,7,,,,5,0,23,5,,,,,,,,0
3600,9/7/2025,Laura,,40,13,,,,1,2,29,6,,,,,,,,0
3600,8/7/2025,Laura,,14,8,,,,3,1,24,3,,,,,,,,0
3600,9/7/2025,Elias,,30,9,,,,3,3,35,11,,,,,,,,0
3600,8/7/2025,Elias,,33,16,,,,7,3,0,5,,,,,,,,0
3600,5/7/2025,Elias,,56,30,,,,2,0,30,8,,,,,,,,0
3600,4/7/2025,Laura,71,43,34,,,,4,3,32,10,,,,,,,,0
3600,4/7/2025,Elias,71,55,35,,,,4,2,41,11,,,,,,,,0
3600,3/7/2025,Laura,131,34,49,,,,10,6,14,5,,,,,,,,0
3600,3/7/2025,Elias,131,35,51,,,,1,1,58,15,,,,,,,,0
3600,2/7/2025,Laura,120,46,29,,,,2,1,45,9,,,,,,,,0
3600,2/7/2025,Elias,120,66,44,,,,10,2,60,18,,,,,,,,0
3600,1/7/2025,Laura,141,86,21,,,,2,2,10,4,,,,,,,,0
3600,1/7/2025,Elias,141,64,15,,,,5,2,66,18,,,,,,,,0
3600,30/6/2025,Laura,132,76,18,,,,7,2,34,12,,,,,,,,0
3600,30/6/2025,Elias,132,97,30,,,,7,8,18,10,,,,,,,,0
3600,28/6/2025,Elias,159,73,14,,,,9,5,21,9,,,,,,,,0
3600,29/6/2025,Laura,234,75,11,,,,1,0,42,4,,,,,,,,0
3600,27/6/2025,Laura,44,27,5,,,,4,2,32,9,,,,,,,,0
3600,27/6/2025,Elias,44,35,4,,,,8,2,30,14,,,,,,,,0
3600,26/6/2025,Laura,35,19,3,,,,3,2,56,8,,,,,,,,0
3600,26/6/2025,Elias,35,16,5,,,,8,4,37,14,,,,,,,,0
3600,25/6/2025,Laura,18,20,2,,,,7,4,28,12,,,,,,,,0
3600,25/6/2025,Elias,18,12,2,,,,10,5,75,25,,,,,,,,0
3600,24/6/2025,Laura,36,29,7,,,,10,4,38,8,,,,,,,,0
3600,24/6/2025,Elias,37,45,6,,,,4,1,44,14,,,,,,,,0
3600,23/6/2025,Laura,41,40,5,,,,8,3,47,9,,,,,,,,0
3600,23/6/2025,Elias,42,28,6,,,,10,5,14,7,,,,,,,,0
3600,21/6/2025,Elias,39,50,7,,,,7,5,64,18,,,,,,,,0
3600,22/6/2025,Laura,98,72,19,,,,8,7,39,8,,,,,,,,0
3600,21/6/2025,Laura,39,37,13,,,,6,3,41,11,,,,,,,,0
3600,20/6/2025,Laura,52,44,9,,,,7,2,46,12,,,,,,,,0
3600,20/6/2025,Elias,52,63,15,,,,7,1,45,13,,,,,,,,0
3600,19/6/2025,Laura,49,37,7,,,,5,2,30,8,,,,,,,,0
3600,19/6/2025,Elias,50,36,5,,,,6,6,71,12,,,,,,,,0
3600,18/6/2025,Elias,32,20,5,,,,14,4,66,22,,,,,,,,0
3600,18/6/2025,Laura,31,25,9,,,,8,3,49,7,,,,,,,,0
3600,17/6/2025,Laura,40,49,10,,,,7,1,40,8,,,,,,,,0
3600,17/6/2025,Elias,40,43,12,,,,9,5,6,4,,,,,,,,0
3600,15/6/2025,Laura,72,56,11,,,,8,3,29,13,,,,,,,,0
3600,16/6/2025,Elias,93,82,12,,,,9,4,34,16,,,,,,,,0
3600,14/6/2025,Elias,61,55,14,,,,22,2,84,25,,,,,,,,0
3600,13/6/2025,Laura,29,30,7,,,,7,4,75,10,,,,,,,,0
3600,13/6/2025,Elias,30,30,7,,,,12,1,60,19,,,,,,,,0
3600,12/6/2025,Elias,67,70,12,,,,7,3,13,6,,,,,,,,0
3600,11/6/2025,Laura,46,37,5,,,,7,3,34,7,,,,,,,,0
3600,10/6/2025,Laura,46,39,4,,,,10,3,43,6,,,,,,,,0
3600,9/6/2025,Laura,54,48,7,,,,8,6,59,7,,,,,,,,0
3600,8/6/2025,Laura,89,62,5,,,,15,5,66,8,,,,,,,,0
3600,11/6/2025,Elias,46,35,6,,,,13,3,45,11,,,,,,,,0
3600,9/6/2025,Elias,54,75,14,,,,9,5,21,7,,,,,,,,0
3600,7/6/2025,Elias,105,79,13,,,,15,5,32,14,,,,,,,,0
3600,6/6/2025,Laura,38,30,6,,,,6,1,30,5,,,,,,,,0
3600,6/6/2025,Elias,38,24,5,,,,10,8,67,17,,,,,,,,0
3600,5/6/2025,Laura,40,31,2,,,,2,1,29,5,,,,,,,,0
3600,5/6/2025,Elias,40,34,8,,,,8,4,4,8,,,,,,,,0
3600,4/6/2025,Laura,41,27,9,,,,5,3,40,8,,,,,,,,0
3600,4/6/2025,Elias,42,29,14,,,,4,1,68,17,,,,,,,,0
3600,3/6/2025,Laura,34,23,2,,,,7,5,31,6,,,,,,,,0
3600,3/6/2025,Elias,67,31,10,,,,6,3,30,10,,,,,,,,0
3600,2/6/2025,Laura,81,23,2,,,,6,5,32,7,,,,,,,,0
3600,2/6/2025,Elias,81,47,8,,,,7,3,21,6,,,,,,,,0
3600,1/6/2025,Laura,72,22,2,,,,5,4,44,16,,,,,,,,0
3600,31/5/2025,Elias,56,43,4,,,,10,6,45,15,,,,,,,,0
3600,30/5/2025,Laura,19,19,2,,,,2,1,40,10,,,,,,,,0
3600,30/5/2025,Elias,84,41,8,,,,12,3,60,14,,,,,,,,0
3600,29/5/2025,Laura,18,18,1,,,,3,1,62,8,,,,,,,,0
3600,29/5/2025,Elias,102,52,13,,,,7,4,6,7,,,,,,,,0
3600,28/5/2025,Sebastian,33,33,0,,,,4,2,60,16,,,,,,,,0
3600,28/5/2025,Laura,17,17,2,,,,5,4,31,5,,,,,,,,0
3600,28/5/2025,Elias,123,47,14,,,,7,2,70,20,,,,,,,,0
3600,27/5/2025,Sebastian,37,37,2,,,,6,4,54,13,,,,,,,,0
3600,27/5/2025,Elias,79,25,6,,,,5,3,14,4,,,,,,,,0
3600,27/5/2025,Laura,13,13,2,,,,5,5,50,4,,,,,,,,0
3600,26/5/2025,Sebastian,13,13,1,,,,3,1,48,2,,,,,,,,0
3600,26/5/2025,Laura,15,15,4,,,,1,1,33,5,,,,,,,,0
3600,26/5/2025,Elias,51,23,5,,,,10,5,35,8,,,,,,,,0
3600,25/5/2025,Laura,43,17,3,,,,3,1,34,3,,,,,,,,0
3600,24/5/2025,Elias,74,53,15,,,,9,4,70,20,,,,,,,,0
3600,23/5/2025,Sebastian,38,38,0,,,,7,5,16,2,,,,,,,,0
3600,23/5/2025,Laura,21,21,3,,,,3,3,16,1,,,,,,,,0
3600,23/5/2025,Elias,75,42,8,,,,11,6,10,4,,,,,,,,0
3600,22/5/2025,Laura,21,21,6,,,,1,0,6,2,,,,,,,,0
3600,22/5/2025,Sebastian,23,23,3,,,,1,1,1,1,,,,,,,,0
3600,22/5/2025,Elias,93,50,20,,,,10,4,51,16,,,,,,,,0
3600,21/5/2025,Elias,85,43,31,,,,7,4,56,14,,,,,,,,0
3600,20/5/2025,Elias,86,63,35,,,,6,3,43,12,,,,,,,,0
3600,19/5/2025,Elias,109,96,55,,,,13,2,73,17,,,,,,,,0
3600,17/5/2025,Elias,84,61,26,,,,10,5,32,10,,,,,,,,0
3600,16/5/2025,Elias,80,57,27,,,,16,9,67,21,,,,,,,,0
3600,15/5/2025,Elias,81,47,38,,,,7,6,36,12,,,,,,,,0
3600,14/5/2025,Elias,107,83,60,,,,12,3,86,22,,,,,,,,0
3600,13/5/2025,Elias,64,42,36,,,,9,2,42,12,,,,,,,,0
3600,12/5/2025,Elias,72,109,57,,,,9,3,67,19,,,,,,,,0
3600,10/5/2025,Elias,101,71,42,,,,12,4,68,17,,,,,,,,0
3600,9/5/2025,Elias,67,62,25,,,,10,7,53,22,,,,,,,,0
3600,8/5/2025,Elias,95,78,33,,,,14,7,77,21,,,,,,,,0
3600,7/5/2025,Elias,51,37,18,,,,14,5,83,20,,,,,,,,0
3600,6/5/2025,Elias,65,80,27,,,,9,3,8,3,,,,,,,,0
3600,5/5/2025,Elias,43,78,24,,,,14,8,25,8,,,,,,,,0
3600,3/5/2025,Elias,49,67,16,,,,13,6,47,16,,,,,,,,0
3600,2/5/2025,Elias,56,56,6,,,,9,3,8,3,,,,,,,,0
3600,1/5/2025,Elias,57,80,14,,,,12,7,21,5,,,,,,,,0
3600,30/4/2025,Elias,93,115,11,,,,8,6,11,6,,,,,,,,0
3600,29/4/2025,Elias,87,110,17,,,,10,1,6,4,,,,,,,,0
3600,28/4/2025,Elias,59,92,17,,,,8,5,19,6,,,,,,,,0
3600,26/4/2025,Elias,54,56,21,,,,9,8,24,8,,,,,,,,0
3600,25/4/2025,Elias,71,114,10,,,,17,7,14,5,,,,,,,,0
3600,24/4/2025,Elias,77,79,13,,,,15,4,16,4,,,,,,,,0
3600,23/4/2025,Elias,85,95,16,,,,14,7,24,5,,,,,,,,0
3600,22/4/2025,Elias,79,84,20,,,,15,5,8,2,,,,,,,,0
3600,21/4/2025,Elias,63,114,15,,,,19,6,30,9,,,,,,,,0
3600,19/4/2025,Elias,123,148,27,,,,21,8,23,6,,,,,,,,0
3600,18/4/2025,Elias,148,159,22,,,,20,5,16,10,,,,,,,,0
3600,17/4/2025,Elias,195,122,21,,,,15,7,15,3,,,,,,,,0
3600,16/4/2025,Elias,104,106,10,,,,12,5,15,5,,,,,,,,0
3600,15/4/2025,Elias,97,89,9,,,,12,8,17,7,,,,,,,,0
3600,14/4/2025,Elias,91,91,5,,,,11,5,24,8,,,,,,,,0
3600,12/4/2025,Elias,70,60,19,,,,22,4,15,7,,,,,,,,0
3600,11/4/2025,Elias,56,78,13,,,,10,5,18,8,,,,,,,,0
3600,10/4/2025,Elias,57,120,17,,,,15,4,29,9,,,,,,,,0
3600,9/4/2025,Elias,84,116,21,,,,14,6,7,4,,,,,,,,0
3600,8/4/2025,Elias,104,117,26,,,,16,9,9,3,,,,,,,,0
3600,7/4/2025,Elias,67,63,10,,,,15,5,31,10,,,,,,,,0
3600,5/4/2025,Elias,66,140,17,,,,15,8,16,6,,,,,,,,0
3600,4/4/2025,Elias,85,62,19,,,,19,3,10,2,,,,,,,,0
5259.75,2025-07-28,Elias,80,66,24,10,20,8,9,4,1,2,Mantuve tranquilidad a pesar de tantos mensajes que tenia del fin de semana por responder y pude hacer todas las aperturas,"Ver la manera de poder agilizar este nuevo reporte, al ser el primer día me demore muchísimo revisando conversación x conversación",4,8,5,4,2,0
6458.92,2025-07-28,Laura,80,56,22,9,27,9,2,2,24,5,Mantener a flote las respuestas nuevas para que fluyeran más conversaciones mientras iba saliendo de aperturas y respuestas de la noche anterior,Optimizar el tiempo en las aperturas,2,2,2,2,5,0
3341.78,2025-07-29,Laura,94,61,27,0,26,28,9,5,3,2,Priorizar las respuestas más recientes para llevar más a agenda,Hoy poner al día los seguimientos que quedaron pendientes de ayer,9,9,6,5,6,0
6216.78,2025-07-29,Elias,91,67,23,0,24,8,4,3,16,4,"Pocas horas de setteo por cortes de luz constantes en casa, así y todo pude meter 3 agendas y sumar seguimientos pendientes del viernes",Definir las preguntas de cualificación que dejamos para no hacer todas y que se pierda el lead en el camino,4,4,6,3,2,0
1144.35,2025-07-30,Laura,99,59,22,10,18,14,8,5,43,8,Mantener buen número de agendas y resolver con la reasignación de leads que ocurrió en kommo,Terminar de acomodar la propiedad de los leads ya no tan urgentes,11,8,7,5,5,0
2049.25,2025-07-30,Elias,100,82,31,7,35,23,11,5,67,14,Se dieron muchas conversaciones fluídas y pude llevar un buen workflow,"Hoy me demore mucho al hacer el reporte, ya que revise conversación por conversación para ver bien el embudo de cada lead, tengo que ver la manera de agilizar eso",11,11,9,7,1,0
1694.94,2025-07-31,Elias,75,60,25,8,25,17,7,4,49,15,Lograr una agenda despues de muchos seguimientos al lead y varios días de la apertura de la conver,"Aún optimizando el tiempo de reporte, hoy fue mas rápido que días anteriores",8,7,6,4,6,0
6815.1,2025-07-31,Laura,75,57,15,5,14,7,8,3,23,5,"Agendar por seguimiento, siempre se siente como un lead rescatado",Mejorar la velocidad de aperturas para generar más avance en las etapas en el mismo día,5,8,8,4,4,0
6815.1,2025-08-01,Laura,75,57,15,5,14,7,8,3,23,5,"Agendar por seguimiento, siempre se siente como un lead rescatado",Mejorar la velocidad de aperturas para generar más avance en las etapas en el mismo día,5,8,8,4,4,0
2181.57,2025-08-01,Elias,160,104,46,8,26,21,13,8,31,12,"Tuve un buen workflow durante el día, limpiando bandeja de entrada y alternando entre las aperturas y dando respuesta rápida a los leads, se dieron muchas agendas despues de tanto tiempo, eso es tambien por el volumen que esta llegando de leads","Voy a agregar en la interfaz de kommo los datos de pain y qualification para poner las fechas, creo que se me hará mas fácil para sacar el reporte más rápido",18,13,8,8,4,0
8350.17,2025-08-02,Laura,92,48,6,2,22,8,4,2,47,11,"Fue un día en dos partes, como win diría que avanzar las conversaciones que pude",Mejorar los tiempos,6,4,3,4,8,0
1401.19,2025-08-02,Elias,92,78,21,8,28,16,21,9,94,24,"Hace mucho no metia tantas agendas en un mismo día, tuve muchas conversaciones fluidas y un buen workflow","Aún estoy mejorando la rapidez del reporte, agilizo mucho agregar 'new pain' y 'new qualification'. Tengo sensaciones que la respuesta al primer mensaje es baja",18,21,10,10,2,0
685.32,2025-08-03,Laura,189,110,35,18,43,8,6,2,6,1,Bajar el inbox sin descuidar los leads cercanos a la agenda,Re-evaluar el orden del workflow para poder abrir más conversaciones nuevas durante el día,4,6,4,2,4,0
1100.26,2025-08-04,Elias,93,79,22,10,32,18,12,10,26,6,"Muchos chats por poner al día despues del fin de semana y muchos chats nevos para abrir, no me desespere y lo bueno es que no se perdieron leads que estaban cerca de la agenda y se concretaron ",Aún optimizando el tiempo de reporte ,11,12,11,10,5,0
1515.83,2025-08-04,Laura,93,75,29,11,35,20,6,5,49,19,Mantener bajo el inbox,Velocidad y tiempos de apertura,8,6,4,6,5,0
1593.78,2025-08-05,Elias,107,73,44,10,28,14,9,3,47,12,"Tuve una agenda que fue muy directa, se abrio mucho el lead al principio y despues de dos mensajes ya le hice la oferta ","Hacer el reporte me esta llevando una media hora aprox, porque repaso conversación x conversación para ver que no se me pase ninguna métrica y además tengo que marcar los no leads que llegaron hasta las 00 a partir de que deje de settear",10,9,7,3,3,0
4797.28,2025-08-05,Laura,107,60,27,18,29,13,5,3,32,8,El workflow de apertura más temprano,Tiempos,9,5,5,3,3,0
1212.38,2025-08-06,Elias,98,61,23,14,25,17,11,6,107,25,"Me puse al día con los seguimientos, tenia pendientes hacerlos desde el sabado y por eso tuve que modificar mi día de trabajo que me resulto útil igualmente","Aún optimizando el tiempo de reporte, no logro bajarlo de media hora, lo ideal creo que sería hacerlo aprox en 15 minutos máximo, pero por el momento para llevar correctamente el reporte lo veo difícil",7,11,9,7,6,0
8521,2025-08-06,Laura,98,70,35,9,33,16,11,2,16,6,Se está reestructurando el workflow,Seguir reestructurando el workflow,7,11,5,3,4,0
1712.97,2025-08-07,Elias,71,42,22,13,12,9,8,4,47,11,"Siento que llevo un buen flow en las conversaciones con esta estructura, si hay respuesta rápida del lead se llega a la agenda de manera rápida","Estan llegando muchos leads pero no responden a la automatización, entonces la mayoría de las aperturas son a esos mensajes automáticos que no responden",9,8,4,4,4,0
3240.13,2025-08-07,Laura,71,57,30,16,16,15,11,5,48,9,Funcionó bastante bien el nuevo worflow,Poner al día los seguimientos de apertura,11,11,7,7,6,0
1186.87,2025-08-08,Elias,73,56,26,5,16,8,5,3,50,15,"Mejore el tiempo de reporte, cada vez voy acelerando más el proceso","Esta semana bajo la respuesta al primer mensaje, tanto automático como al que hacemos manual, debemos experimentar otro mensaje de apertura",6,5,5,5,6,0
9708.81,2025-08-08,Laura,73,55,31,9,10,5,3,5,26,10,inbox 0,call days,3,3,4,3,5,0
853.95,2025-08-09,Elias,144,104,36,20,33,12,8,3,38,11,Cayeron 2 agendas al final del dia de trabajo cuando durante todo el día solo habia tenido 1,Muy poca respuesta al primer mensaje manual nuestro como asi tambien al automático y noto que los leads se quedan mucho en pain y nuestros mensajes de apertura,7,8,4,5,2,0
757.97,2025-08-11,Elias,157,113,62,18,27,10,7,3,3,5,Se dieron dos agendas por la mañana de conversaciones arrastradas que justo contestaron en ese momento,Siento que estan llegando muchos más no leads que antes y aún tengo sensaciones de que bajo mucho la respuesta a nuestro primer mensaje,8,7,5,4,6,0
2047.9,2025-08-11,Laura,157,69,28,11,28,11,3,1,21,3,la agenda del lead que se rescató en la meeting,seguimientos pendientes,5,3,1,1,4,0
1189.62,2025-08-12,Elias,124,80,50,17,21,9,8,4,90,15,El día venia flojo de agendas y se dieron varias en la última hora,"Sigue aumentando la cantidad de no leads, y la respuesta a los seguimientos es baja",8,8,4,4,6,0
1045.38,2025-08-12,Laura,124,62,32,11,18,6,5,2,38,4,La agenda de otro lead que casi se descarta,Sacar hoy lo que quedó pendiente,4,5,3,3,11,0
882.07,2025-08-13,Elias,150,110,45,8,46,17,15,3,8,5,Las 3 agendas se dieron con aperturas del mismo día,Hay que revisar la respuesta al primer mensaje y además ver la cantidad de ofertas con la cantidad de links enviados,13,15,7,5,1,0
1239.81,2025-08-13,Laura,149,105,45,17,37,13,4,1,15,7,Sacar aperturas pendientes y darle una barrida desde toda esta semana para verificar que no se haya quedado nada perdido,Velocidad de limpiar la bandeja,6,4,4,3,21,0
2094.7,2025-08-14,Elias,99,80,25,16,37,17,9,8,101,26,Se dio un buen número de agendas y además me puse al día con más seguimientos,"Note un poco de menos leads que los días anteriores, veremos como sigue el resto de los días",10,9,6,8,3,0
8783.35,2025-08-14,Laura,98,104,45,22,54,17,6,2,138,27,Ir avanzando conversaciones empezadas,Ver como mejorar para que no se queden despues del link,4,6,4,4,3,0
2188.46,2025-08-15,Elias,84,62,14,11,38,18,12,5,60,18,"Tuve un buen workflow toda la semana, voy agarrando ritmo a la nueva organización y mejorando la velocidad de respuesta","Estos ultimos dias creo que mejoro la respuesta al primer mensaje, pero es para tener en cuenta de que mejorar para los próximos días. Aún optimizando los tiempos del reporte",12,12,4,4,9,0
975.81,2025-08-16,Elias,182,127,31,22,69,25,17,8,87,19,"La tranquilidad y el workflow que tuve durante todo el día para llevar tantas conversaciones, abrir y dar respuesta rápido, me gusto a pesar de las poquitas agendas, hice muchas ofertas","Analizar nuestro mensaje de 'pain' hay muchos que se quedan en esa etapa, una vez que damos devolución y hacemos la pregunta correspondiente",17,17,10,8,2,0
761.58,2025-08-15,Laura,84,72,26,14,33,17,6,3,59,10,Aumentar los seguimientos,optimizar los tiempos y cargar en kommo las respuestas mas usadas,6,6,2,2,3,0
82.61,2025-08-18,Elias,84,129,31,12,87,45,15,4,19,5,"Tranquilidad ante tantos mensajes por responder, se avanzaron muchas conversaciones que se pueden transformar en agendas en estos días","Tengo buenas sensaciones con el cambio del mensaje de pain para que no se queden muchos leads en esa etapa, veremos como sigue el resto de los días",15,15,9,7,2,0
6386.49,2025-08-18,Laura,240,75,18,5,67,39,13,7,16,8,Bajarle a la presión dio buenos resultados,Ir adaptandome a los ajustes que optimizan el tiempo para responder cada vez más rapido,12,13,10,8,5,0
2514.01,2025-08-19,Elias,115,100,22,13,37,29,12,8,31,8,"Se dieron varias agendas ayer, hay que seguir con este ritmo","Aumentar seguimientos en la primera parte de las etapas, apertura, pain, qualification",13,12,13,10,4,0
7300.36,2025-08-19,Laura,115,37,9,3,23,14,3,1,6,1,"No irme en blanco, haber logrado 1 agenda","Settee menos horas porque tuve que resolver una emergencia personal, hoy queda poner al día lo que falto ayer",5,3,2,2,3,0
1456.61,2025-08-20,Elias,124,98,27,25,37,12,10,3,36,10,"La velocidad de respuesta, teniendo un buen workflow diario","No estoy llegando por tiempos a hacer seguimientos a los mensajes de las primeras etapas, hay que testear en conjunto con Santi el hacerlo masivo pero bien, y no que se le mande a todos por igual, tanto no leads como agendados, etc...",14,10,8,9,4,0
1871.89,2025-08-20,Laura,124,95,28,5,72,39,21,10,13,2,10 agendas y la bandeja de sin responder al día,Marcar las aperturas al bot pendientes,19,21,14,12,2,0
1556.01,2025-08-21,Elias,94,71,33,8,34,16,10,7,22,10,"Perdi bastante tiempo en organizar y limpiar la bandeja con los seguimientos automatizados, a pesar de eso se dio un buen número de agendas","Esta semana no me dio tiempo a hacer seguimientos a los mensajes de las primeras etapas, hay que ver la mejor manera de poder hacer esos seguimientos automáticos sin tanto margen de error",10,10,5,8,6,0
2523.98,2025-08-21,Laura,94,90,26,32,52,37,20,5,18,5,Ha funcionado el gameplan,Seguir con el gameplan,9,20,8,8,3,0
1290.56,2025-08-22,Elias,84,65,26,6,36,15,8,10,31,11,"Se dieron 10 agendas asi que super win, no recuerdo haber agendado 10 en este año, yo creo que si, el año pasado estoy segurisimo pero este no lo recuerdo",Puliendo los seguimientos,5,8,9,9,3,0
9248.87,2025-08-22,Laura,84,80,18,12,39,19,16,7,11,3,Estar chill y enfocada ,Mantener resultados y workflow consistente,17,16,9,9,3,0
817.25,2025-08-23,Elias,231,70,38,9,31,14,9,2,79,20,"Pobre un horario diferente de setteo y no funcionó mucho por las agendas, solo se dieron 2",Aún optimizando la automatización de los seguimientos,9,9,5,3,3,0
818.44,2025-08-23,Elias,231,70,38,9,31,14,9,2,79,20,"Pobre un horario diferente de setteo y no funcionó mucho por las agendas, solo se dieron 2",Aún optimizando la automatización de los seguimientos,9,9,5,3,3,0
1409.61,2025-08-24,Laura,234,139,30,24,62,16,8,3,12,2,manejo del volumen y buen workflow,seguimientos pendientes,7,8,6,5,5,0
4615.45,2025-08-25,Elias,81,102,32,15,36,25,15,3,22,8,La organización que tuve al haber tantos mensajes por responder y poner al día,Ver bien como se dieron los nuevos seguimientos automáticos para poder implementarlos en las próximas etapas,13,15,10,5,2,0
2475.87,2025-08-25,Laura,81,83,16,6,50,32,9,5,6,1,Mantener la consistencia de 5 agendas,Ubicar el mejor momento para llenar el notion y que no se acumule,10,9,6,5,7,0
1032,2025-08-26,Elias,119,98,33,12,42,15,7,5,23,8,"Una agenda que se dio despues de todos los seguimientos post vehículo, ","No estan llegando profesionales por conversión, sino mas profesionales por recurso gratuito y muchos no se preparan para un examen importante",7,7,10,8,7,0
4520.71,2025-08-26,Laura,119,45,13,5,25,14,8,0,7,1,No bajar la moral por un mal día,mantener el gameplan y revisar que paso,8,8,7,2,0,0
1068.1,2025-08-27,Elias,106,90,32,6,42,22,11,8,91,21,"Pude sumar seguimientos en las primeras etapas de pain y qualification, que no me habia dado tiempo el resto de los días",Optimizar bien los seguimientos automatizados,11,11,9,8,4,0
5705.07,2025-08-27,Laura,107,64,9,5,50,23,9,3,10,2,Una agenda a punta de seguimientos,Make it work,9,9,8,4,3,0
979.23,2025-08-28,Laura,113,116,80,4,27,25,4,3,11,2,Aperturas de no-leads pendientes,Terminar el backtracking de los ghosteos al bot,9,4,8,6,3,0
1614.9,2025-08-28,Elias,113,93,46,8,37,19,8,4,24,10,"Agendar dos odontólogas despues de haberles enviado el recurso al principio, se dieron buenas conversaciones","Aumentar los seguimientos en etapas de pain y qualification, con tantos chats no estoy llegando con los tiempos",11,8,6,6,4,0
560.26,2025-08-29,Elias,90,75,26,10,25,16,5,2,52,14,1 de las agendas se dio con los seguimientos diarios de los minutos para enviar el link ,Sumar mas seguimientos en las primeras etapas para generar mas conversaciones,8,5,2,2,9,0
2112.19,2025-08-29,Laura,90,71,39,9,29,12,10,4,5,2,el manejo de leads durante el dia,mantener resultados consistentes,11,10,5,4,4,0
1152.21,2025-08-30,Elias,172,141,72,12,41,24,17,6,133,20,"Tuve un muy buen workflow setteando solo, me senti comodo y pude hacer muchos seguimientos en etapa de qualification","Optimizar bien los seguimientos automaticos de las etapas pain y qualification, asi generamos mas conversaciones",13,17,10,7,1,0
1716.85,2025-08-31,Laura,192,86,45,11,22,26,9,2,8,3,Manejo de los leads ya abiertos ,Aperturas de bot,7,9,6,5,3,0
1717.99,2025-08-31,Laura,192,86,45,11,22,26,9,2,8,3,Manejo de los leads ya abiertos ,Aperturas de bot,7,9,6,5,3,0
1207.81,2025-09-01,Elias,82,84,36,13,40,16,8,4,24,7,"Las 4 agendas que se dieron en un lunes despues de un fin de semana, buena velocidad de respuesta","Aumentar la cantidad de seguimientos, últimamente no da el tiempo para las primeras etapas",16,8,8,4,4,0
3272.85,2025-09-01,Laura,82,80,35,15,29,16,4,1,9,2,Manejo y apertura de leads,revisar que paso con los links enviados sin agendar,5,4,4,5,7,0
1410.69,2025-09-02,Elias,78,58,22,10,28,14,10,8,23,8,Se volvio a una buena cantidad de agendas por mi parte,Sigo sintiendo hoy en día que debemos aumentar los seguimientos en las primeras etapas,11,10,10,9,4,0
1166.88,2025-09-02,Laura,78,54,25,9,18,16,3,2,8,1,Manejo de leads y de la inbox,resultados,5,3,2,1,2,0
1027.25,2025-09-03,Elias,90,70,27,8,31,19,15,5,23,8,Una de las agendas que se dio despues de todos los seguimientos post vehículo,"Sigo con los seguimientos en las primeras etapas y se podría revisar la calidad de lead 'profesional' que esta llegando, la mayoría no se prepara para un examen importante",16,15,11,7,3,0
1299.24,2025-09-03,Laura,90,77,25,19,34,14,6,1,16,3,La agenda arrastrada de hace días,hacer seguimientos en menores etapas a ver si se rescatan más conversaciones que lleguen a agenda,6,6,2,0,5,0
1555.71,2025-09-04,Elias,101,67,25,8,30,15,11,4,51,12,Llegue a hacer seguimientos en la etapa de cualificación,Creo que con la nueva automatización de seguimientos en las primeras etapas podemos sumar las agendas diarias que necesitamos,12,11,7,4,2,0
804.53,2025-09-04,Laura,101,43,17,8,33,15,6,3,12,5,Mas agendas,mas agendas,9,6,5,5,4,0
1448.69,2025-09-05,Elias,79,83,30,4,35,19,18,8,22,15,"Se dio un buen volumen de agendas, incluyendo a profesionales",Veremos como funcionan los seguimientos automatizados para poder seguir aumentando las conversaciones,16,18,9,10,3,0
4294.05,2025-09-05,Laura,79,86,27,15,24,8,11,3,11,2,aperturas,seguimientos a otras etapas que no agarró la automatizacion,7,11,5,4,2,0
2461.87,2025-09-06,Elias,185,133,60,11,41,16,10,8,33,10,"Muchas convers y varias agendas, me senti comodo llevando el día solo bien organizado",Hay que seguir optimizando los seguimientos,8,10,10,9,5,0
621.26,2025-09-07,Laura,194,149,72,19,50,21,6,5,14,3,aperturas y manejo de volumen,el seguimiento que quería hacer a los que el bot no agarró,10,6,6,6,6,0
621.08,2025-09-07,Laura,194,149,72,19,50,21,6,5,14,3,aperturas y manejo de volumen,el seguimiento que quería hacer a los que el bot no agarró,10,6,6,6,6,0
1866.73,2025-09-08,Laura,76,27,18,4,19,14,5,5,10,2,Numero de agendas y manejo de respuestas,mantener el gameplan,4,5,3,6,4,0
1635.27,2025-09-08,Elias,76,71,55,6,16,14,10,2,27,11,La rapidez para poner al día la bandeja de entrada despues del fin de semana,Aumento la cantidad de no leads desde que empezamos a descartar los profesionales,8,10,9,2,4,0
1125.41,2025-09-09,Elias,86,69,48,6,18,7,7,1,24,7,"No tengo una win como tal, pocas agendas en esta semana, hay que analizar bien el motivo",Estan llegando muchos mas no leads en estos ultimos días,7,7,6,2,4,0
918.91,2025-09-09,Laura,86,110,75,12,21,11,4,2,5,3,poner al dia las aperturas,keep it up,4,4,3,2,5,0
2432.51,2025-09-10,Laura,113,83,39,4,10,9,7,3,7,2,4 agendas en un día de pocas respuestas,aumentar las recomendaciones para llenar el final del funnel,10,7,7,6,5,0
1024.99,2025-09-10,Elias,113,102,60,1,20,17,6,5,24,12,Se dieron dos agendas despues de muchos seguimientos durante toda la conversación,"Estan llegando muchos no leads, hay que mejorar ese numero y dsp ver de cambiar la pregunta al enviar el ultimo seguimiento con los videos en todas las etapas",11,6,5,5,4,0
1775.01,2025-09-11,Elias,96,74,44,1,20,10,8,4,20,6,"Un buen workflow diario, la cantidad de leads no bajo pero si lo que aumento fue la cantidad de no leads y eso permite llevar un buen workflow","Hay que pensar alguna otra pregunta cuando enviamos los videos en el ultimo seguimiento en todas las etapas, para ver si obtenemos mas respuesta",10,8,3,6,4,0
606.68,2025-09-11,Laura,96,63,38,4,16,8,6,1,3,2,manejo de tiempo con la obra de teatro y trabajo,"no me dio chance de hacer seguimientos, poner al dia eso hoy",5,6,4,2,3,0
483.87,2025-09-12,Elias,63,50,28,0,16,10,6,2,24,12,Una de las agendas se dio despues de completar todos los seguimientos en la etapa de enviar el link,Quizas sumar un tercer seguimiento en etapas de pain y cualificación,2,6,5,2,5,0
3303.55,2025-09-12,Laura,63,87,32,7,16,15,7,2,18,4,aperturas ,hacerle seguimientos a los links enviados que no agendaron el viernes,10,7,6,7,6,0
1302.13,2025-09-13,Elias,156,127,64,0,28,17,12,3,20,10,Muy pocas agendas pero tuve un buen workflow desde el comienzo hasta el final ,"Aún llegan muchos no leads, hay que reducir ese numero ",15,12,10,4,7,0
846,2025-09-14,Laura,115,67,41,4,22,5,8,2,9,2,priorización y aperturas,resultados ,6,8,5,2,3,0
1685.17,2025-09-15,Elias,89,97,55,1,21,20,9,3,28,12,"Cada vez tardo menos en dejar ordenada toda la bandeja de entrada en general, eso tambien es porque llegan menos leads y más no leads, pero lo tomo como victoria para ser un lunes despues de un día sin settear","Sumar un tercer seguimiento en la parte de pain y qualification, pensar que mensajito podemos enviar luego de los primeros dos que no respondieron",11,9,7,6,1,0
2471.37,2025-09-15,Laura,89,54,37,4,17,16,5,5,9,4,Numero de agendas,las aperturas que faltaron,7,5,6,6,4,0
1274.57,2025-09-16,Elias,83,68,36,0,21,12,9,5,28,8,Volver a las 5 agendas diarias,"Sumar un seguimiento en etapas de pain y qualificación, aún siguen llegando muchos no leads...",8,9,7,6,5,0
1262.41,2025-09-16,Laura,83,68,36,2,19,12,5,2,9,2,Mejor enfoque,mantener el gameplan,8,5,3,2,1,0
2344.74,2025-09-17,Elias,84,65,44,0,13,12,8,4,31,10,"4 agenditas, podian haber sido más pero pasan a seguimiento de hoy","Sumar un seguimiento en pain y cuali, agregar una etapa o etiqueta nueva de esos leads que ya le enviamos muchos seguimientos y los recursos gratuitos para hacerle seguimiento semanas despues",9,8,10,7,2,0
2235.69,2025-09-17,Laura,84,29,13,1,12,8,4,0,5,1,Haber enviado dos links,"La migraña no me dejó trabajar casi ayer, toca poner al día y double down today",4,4,3,2,0,0
4059.87,2025-09-18,Elias,93,77,33,1,25,15,13,6,21,7,Se volvieron a superar las 5 agendas diarias,Sumar etapa o etiqueta despues del último seguimiento y asi poder enviar luego un mensaje masivo de seguimientos a esos o una automatización,13,13,7,8,8,0
3458.06,2025-09-18,Laura,93,76,48,1,26,12,6,4,8,2,4 agendas,mantener el gameplan,7,6,4,4,3,0
1545.05,2025-09-19,Elias,83,58,27,1,26,14,11,4,20,8,"Me gusta como tengo organizado y estructurado mi dia de setteo, siento que lo tengo bastante optimizado y a pesar de las pocas agendas los resultados en numeros demuestran esa optimización",Analizar las respuestas de los leads que vienen por los anuncios de steps y ver si debemos modificar las preguntas de la estructura,13,11,10,7,2,0
3255.14,2025-09-19,Laura,83,79,17,2,37,9,2,0,6,3,numero de aperturas,resultados,2,2,3,1,0,0
1468.7,2025-09-20,Elias,171,163,57,1,41,20,8,7,26,8,"Se dieron 7 agendas el finde, una ya cuando no estaba setteando, le habia hecho los seguimientos correspondientes y agendo despues de hora",Revisar nuevamente los mensajes post agenda para ver si seguimos enviando los mismos o los modificamos ya que ahora cambiamos el proceso de venta,11,8,7,9,4,0
1933.88,2025-09-21,Laura,205,118,63,2,36,19,8,0,6,1,manejo de volumen durante el dia,resultados,9,8,3,1,0,0
1938.73,2025-09-22,Elias,84,86,36,2,36,24,10,2,18,3,Mantener la tranquilidad a pesar de los muchos mensajes que hay que poner al dia despues del fin de semana,"Cuando haya un mayor volumen de conversaciones nuevas de los steps, analizarlas y ver que podemos modificar de la estructura actual que tenemos",7,10,4,3,4,0
1505.78,2025-09-22,Laura,84,64,32,2,30,18,7,2,2,0,Mas conversaciones desembocaron en ofertas,seguimientos pendientes,9,7,7,3,4,0
1444.88,2025-09-23,Elias,93,81,38,0,26,17,14,6,20,7,6 agendas para recuperar el promedio diario,"Sumar 1 seguimiento en la etapa de pain y quali, y analizar convers de los steps para ver que modificamos de la estructura",9,14,6,8,4,0
4862.69,2025-09-23,Laura,94,60,27,1,19,14,6,2,10,2,Agendar todos los links enviados,cerrar el gap en aperturas ahora con menos volumen,7,6,5,2,6,0
1142.85,2025-09-24,Elias,125,85,32,0,28,12,6,1,29,10,"La automatización de los seguimientos esta tirando error y pude hacer esos seguimientos yo mismo, ","Ayer envie 6 links y solo se agendo 1, hay que analizar esas conversaciones y tambien la de los steps para ver donde esta el cuello de botella nuevo",7,6,8,6,3,0
2391.55,2025-09-24,Laura,54,26,7,1,13,7,3,1,2,1,Sobrevivir la migraña,keep it up,7,3,1,3,5,0
935.51,2025-09-25,Elias,126,99,45,0,28,19,11,2,20,4,Pude avanzar con los seguimientos que se hicieron durante todo el día por la automatización pero no se envian por el error que estamos teniendo,Revisar las conversaciones de los steps y ver que podemos modificar de la estructura,8,11,5,2,1,0
1323.93,2025-09-25,Laura,54,81,36,2,19,14,5,1,11,4,Aperturas,resultados,5,5,6,4,5,0
621.53,2025-09-26,Elias,134,117,38,1,52,28,13,7,26,9,5 de las agendas se dieron conversaciones abiertas en ese mismo día,"Solucionar el tema de los seguimientos automatizados, ya estan todos al tanto",14,13,9,8,2,0
4903.55,2025-09-26,Laura,58,27,12,2,24,12,6,6,4,3,número de agendas,keep it up,7,6,5,5,4,0
1004.2,2025-09-27,Elias,184,145,51,0,50,34,16,7,29,10,"Tuve un buen workflow, terminando el día sin ningun pendiente, avanzando con los seguimientos en todas las etapas ",Resolver los seguimientos automatizados,19,16,11,9,2,0
2973.32,2025-09-28,Laura,183,75,43,2,26,19,8,2,26,4,Seguimientos,Links enviados sin agendar,9,8,8,5,4,0
894.01,2025-09-29,Elias,134,152,59,0,61,21,12,8,30,9,Se volvió a un buen numero de agendas (8),Los seguimientos y a partir de que me quede solo la asignación de leads,14,12,12,10,7,0
2726.87,2025-09-29,Laura,0,5,3,0,6,12,4,6,8,3,"Lead management, ir cerrando y sacando lo que queda en la pipeline",Keep that up today,8,4,6,7,5,0
1365.51,2025-09-30,Elias,153,129,56,0,53,32,9,4,28,8,Mantener la tranquilidad ante tantos leads que llegaron nuevos durante todo el día,"Lo que vengo diciendo los ultimo día, los seguimientos automatizados y ver la manera de abrir esos chats que no contestan al primer mensaje automático",8,9,7,5,2,0
3633.17,2025-09-30,Laura,0,1,2,0,1,4,9,3,4,2,Cerrar lo que quedaba en el pipeline,See you soon,7,9,7,6,5,0
1283.89,2025-10-01,Elias,208,140,76,1,60,37,22,9,25,8,"La rapidez que tuve para limpiar la bandeja de entrada, muchos mensajes y aún sigo acomodando chats viejos de lau","Los seguimientos, no me da el tiempo del día para hacer seguimiento en todas las etapas y los de las primeras etapas hay que recuperarlos",25,22,14,10,4,0
1324.14,2025-10-02,Elias,186,123,57,0,46,30,12,7,36,13,"Las agendas que se estan dando, aun mejorando la rapidez de respuesta y acostumbrandome al ritmo de volver a estar solo",Ver la manera de hacer las aperturas de aquellos leads que comentan y no responden al mensaje automático,12,12,16,9,3,0
733.38,2025-10-03,Elias,149,103,51,0,40,21,17,8,33,13,"8 agendas, de a poco me voy sintiendo mas comodo con la cantidad de leads que llegan",Seguimientos por etapas y ver la manera de hacer las aperturas mas rapido a esos que no se le pueden enviar los mensajes desde kommo y hay que hacerlo desde ig,20,16,7,8,4,0
695.32,2025-10-04,Elias,205,147,71,0,36,22,20,8,24,7,"8 agendas, para terminar la semana con un buen numero de agendas",Seguimientos automatizados y ver de sumar etapas para evitar que el seguimiento automatizado se haga de nuevo a las pocas horas...,19,20,11,9,2,0
766.85,2025-10-06,Elias,361,243,89,0,91,41,22,12,28,12,"Superar las 10 agendas despues de mucho tiempo, se dieron 12","Lo mismo de hace unos días, revisar bien los seguimientos y ver si sumamos etapas para evitar los seguimientos tan cercanos",20,23,18,15,13,0
776.49,2025-10-07,Elias,187,131,82,0,38,26,15,8,33,9,8 agendas para cerrar el día,"Ver si en notion se pueden poner screenshots de las conversaciones, asi puedo hacer llenar mas rápido los leads que se agendan",20,15,13,9,5,0
943.8,2025-10-08,Elias,188,119,75,1,59,33,27,9,38,11,"Se esta dando un buen numero de agendas, mantener esos numeros va a ser un buen promedio","Siento que el ads de documento 25 es el que mas no leads trae, siempre paso, quizas tambien trae ventas pero a la vez es el que mas no leads trae",21,27,19,13,3,0
1471.44,2025-10-09,Elias,162,106,66,0,32,31,13,9,46,12,9 agendas para seguir con el mismo ritmo que venimos durante toda la semana,"Ver como podemos recuperar esos leads que ya se les hicieron todos los seguimientos enviandoles los recursos gratuitos y dieron una respuesta de gracias y nada mas, ver que podemos hacer con esos",17,13,12,12,6,0
607.44,2025-10-10,Elias,120,74,48,0,20,16,12,6,37,13,Se dieron agendas despues de todos los seguimientos hechos,"Las aperturas manuales, me demoro mucho en eso, si hay manera de poder agilizarlo podría hacer mas aperturas diarias de esos que no responden a la automatización y llegan por comentarios",13,12,11,7,4,0
690.22,2025-10-11,Elias,167,125,68,1,34,16,11,8,32,12,Pude adelantar aperturas de los leads que llegan por comentarios y no responden al mensaje automático,Ver de recuperar esos chats que se le hicieron todos los seguimientos y el tema de las aperturas a esos que comentan en la publi y no responden al mensaje automático,10,11,11,12,5,0
870.2,2025-10-13,Elias,299,188,97,0,51,27,18,8,23,9,"La tranquilidad al volver del fin de semana y tener que poner al día la bandeja de entrada, me gusta la organización que estoy teniendo",Ver la manera de aumentar las aperturas,9,18,10,12,3,0
1342.11,2025-10-14,Elias,206,160,81,0,36,21,17,11,33,12,El día venia con pocas agendas y al final se terminaron dando 11 agendas en total,Ver de poner screenshots en Notion y que los chicos puedan ver mas la conver que tuve con los leads,18,17,15,12,3,0
833.08,2025-10-15,Elias,164,150,84,1,31,14,8,5,30,9,"Desde el domingo que me siento mal de salud con fiebre que va y viene y trato de mantener el mismo ritmo que los días al cien, asi que lo tomo como victoria de estos días","Estan llegando muchos no leads, y eso me permite ser mas rapido para limpiar la bandeja de entrada, pero creo que es algo que se podría disminuir bastante",10,8,9,7,3,0
3582.12,2025-10-16,Elias,94,146,67,1,31,21,11,7,24,9,"Una de las agendas que se dieron llego por el CTA inbound, el lead ya habia escrito antes y no habia agendado en ese momento, asi que fue win win","Las automatizaciones de learnation y los cta, siento que me puede confundir bastante y quizas hasta demorar si no se envian las automatizaciones, cuanto mas claro se pueda hacer mejor",10,11,11,8,2,0
893.5,2025-10-17,Elias,76,87,55,1,30,24,7,3,21,5,Agendar a un lead que venia escribiendo desde agosto y procrastinaba el agendarse,Quizas sumar algun seguimiento mas automatizado en las primeras etapas ,6,7,5,7,2,0
913.6,2025-10-18,Elias,124,84,49,1,23,19,5,2,18,6,"Dia raro, se lograron dos agendas de dos links enviados","Al parecer llega una buena cantidad de leads, pero siento que tambien los anuncios les estan llegando a los no leads que ya recibieron o pidieron el recurso hace unos meses atras",5,5,4,2,9,0
559.64,2025-10-20,Elias,256,174,70,6,59,54,11,5,17,8,"La organización que tuve para limpiar la bandeja de entrada un lunes luego del fin de semana, con las prioridades y demás","Llegan los mismos no leads que llegaban hace unos meses atras, para checarlo",11,11,7,7,2,0
1157.41,2025-10-21,Elias,139,118,55,1,38,25,9,4,18,6,Pude adelantar aperturas de los que no responden a los mensajes automáticos,El numero entrante es alto pero sigo diciendo que vuelven a llegar los mismo no leads que llegaban hace meses atras,10,9,8,5,2,0
650.38,2025-10-22,Elias,170,112,71,0,38,38,19,7,17,8,7 agendas terminando el día,"Lo que vengo diciendo en estos dias, sigue aumentando la cantidad de no leads y ya son leads que ya llegaron antes, los que llegan por inbound la mayoría son no leads tambien",13,19,10,8,3,0
657.42,2025-10-23,Elias,230,355,221,0,87,64,17,10,21,10,"Me sentia muy mal, de hecho no iba a trabajar, la pase mal durante la mayor parte del día con mucho dolor de cabeza, asi y todo settee y se dieron 10 agendas","Analizando las metricas con Marlon, el porcentaje de conversión de oferta a agenda",15,17,12,10,4,0
589.76,2025-10-24,Elias,137,101,81,0,36,33,14,14,29,9,"14 agendas, aún sintiendo mal, no me recupero del todo",Sumar otro seguimiento para que sea diferente al que se envía siempre en la etapa de qualificación,15,14,18,14,4,0
775.43,2025-10-25,Elias,125,107,56,0,24,12,16,8,29,8,"8 agendas para terminar bien la semana a pesar de haber estado mal de salud, hubo dias que me tenia que haber tomado porque sinceramente no daba mas",Ver de sumar un segundo seguimientos en las etapas nuevamente como antes,17,16,13,10,2,0
1030.6,2025-10-27,Elias,213,158,51,0,67,17,13,7,28,8,"7 agendas, que pudieron ser mas, pero ghostearon al enviar el link, seran seguimientos en estos días",Sumar seguimientos en etapas nuevamente,12,13,10,13,5,0
569.63,2025-10-28,Elias,235,192,118,0,45,25,15,8,24,7,"8 agendas, un par de ellas luego de varios seguimientos post link",Profundizar en dolor cuando es primera vez y solo le cuesta retener la info,9,15,10,7,5,0
1305.94,2025-10-29,Elias,151,130,113,0,32,23,12,5,24,9,"Agendar a un lead que venia pateando ya hace varios dias el agendar, despues de mantener una conversación por varios dias",Ver de sumar algun seguimiento en las etapas porque se estan quedan varios en pain y quali,12,12,6,7,4,0
937.14,2025-10-30,Elias,136,94,74,0,25,14,13,7,24,9,7 agendas para seguir sumando al promedio diario,Sumar seguimientos en las primeras etapas,12,13,13,8,3,0
769.76,2025-10-31,Elias,132,122,69,0,39,26,18,3,26,7,Pude hacer aperturas a leads que no respondieron a los mensajes automáticos de dias pasados,Ver la manera de sumar mas seguimientos,12,18,6,5,3,0
590.82,2025-11-01,Elias,111,87,67,0,19,12,9,4,32,9,"4 agendas para iniciar el mes, todas de conversión, veremos de seguir por el mismo camino que el mes pasado","Sumar seguimientos, no me da el tiempo para hacerlos yo por la cantidad de mensajes diarios",9,9,7,4,5,0
944.12,2025-11-03,Elias,213,182,73,0,44,18,10,6,28,10,"6 agendas, me siento cómodo los lunes despues de un dia sin settear, quizas por el volumen de mensajes, son muchos pero no la gran cosa y eso me permite estar mas tranquilo",Los no leads que llegan son leads que ya han escrito en meses atras y les vuelve a aparecer nuestro ad,9,10,8,6,4,0
1619.59,2025-11-04,Elias,187,133,99,0,43,29,13,7,22,6,7 agendas la mayoría por recurso gratuito,"Siento que aún estan llegando muchos leads por nutrición, y a la vez muchos no leads, mas de la mitad de los leads entrantes ",16,13,8,10,4,0
1743.35,2025-11-05,Elias,127,114,68,0,46,32,18,10,22,7,"10 agendas, algunas se dieron solo por seguimientos de dias anteriores",Ver de armar otra estructura para los residentes ,18,18,13,11,4,0
3143.35,2025-11-06,Elias,112,108,77,0,25,19,11,6,21,6,"Se estan agendando leads que ya les habia hecho todos los seguimientos y vuelven a escribir luego de unos días, asi que son buenas win de agendas","Vimos con Marlon que el porcentaje de pain esta bajo, voy a estar mas atento en esa parte y vemos como sigue en la semana",9,11,10,5,8,0
1151,2025-11-07,Elias,114,109,81,0,27,14,8,3,31,9,"Los ultimos dias bajo la cantidad de leads entrantes y eso me permitio hacer aperturas de dias pasados, lo tomo como win mas alla de las 3 agendas","Siento que aún no baja la cantidad de no leads, se mantiene lo mismo hace bastante tiempo",6,8,4,4,4,0
703.25,2025-11-08,Elias,140,103,86,0,18,6,11,7,30,11,7 agendas para cerrar bien la semana ,Siento que llegan mas no leads que leads estas últimas semanas,7,11,7,8,4,0
1324.97,2025-11-10,Elias,253,181,73,0,50,19,12,5,15,4,La organización y estructura para limpiar la bandeja lo mas rapido posible el lunes luego del fin de semana,"Bajar la cantidad de no leads (la mayoría llegan siendo estudiantes y otros casos particulares, otras profesiones)",13,12,6,6,4,0
1374.44,2025-11-11,Elias,136,112,88,0,31,23,17,5,32,8,5 agendas para seguir con esta base,"Conversaciones con los leads Chilenos (no siempre se si vienen de ahi), siento que son los que menos agendan porque se dan diferentes las convers",19,17,6,6,5,0
1025.13,2025-11-12,Elias,122,100,76,0,25,15,12,9,24,9,9 agendas durante todo el día,"Conversaciones con los residentes, quizas ver de hacer otras preguntas para hacerles sentir mas el dolor",10,12,7,8,2,0
957.31,2025-11-13,Elias,128,109,79,0,34,14,10,4,21,6,"Se agendaron 2 residentes de las 4 agendas, siento que siempre cuestan un poquito mas que agenden","La cantidad de no leads, aún siguen llegando leads que ya llegaron los meses pasados, les vuelve a figurar el anuncio de recurso gratuito",5,10,7,6,4,0
568.16,2025-11-14,Elias,159,113,89,0,31,19,9,2,59,11,Pude hacer seguimientos a leads que no se les habia enviado el seguimiento automático semanas atras,Ver si seguimos haciendo la oferta a leads que no trabajan o estan en su ss,5,9,3,3,1,0
1091.88,2025-11-15,Elias,172,130,51,3,40,18,6,3,18,7,"Pude hacer seguimientos en las primeras etapas, ya que la cantidad de no leads y la poca respuesta durante el día me lo permitió hacer para sumar conversaciones y ver si rescatamos alguna agenda","Aún siguen llegando muchos no leads, no siento que el cambio del mensaje automático me sume, tampoco resta, pero bueno, seguiremos viendo en los próximos días",10,6,7,6,6,0
983.54,2025-11-17,Elias,327,207,85,1,63,32,18,4,19,6,Se dieron agendas despues de varios días ,Revisar el primer mensaje automático ya que antes quizas las aperturas las hacia en pain y ahora desde cero y eso me demora más en llegar a la agenda ya que tengo que esperar esas respuestas,19,18,5,5,4,0
721.95,2025-11-18,Elias,181,149,54,0,42,26,12,5,26,9,"Dia fastidioso, muchos chats, corte de luz de horas que me atraso mucho, así y todo se dieron 5 agendas","Mas claridad de las estrategias a utilizar de learnation, a los que no trabajan o estan en su ss por ahora no les envío mas los dos audios para cualificarlos mejor",16,12,10,7,3,0
571.85,2025-11-19,Elias,180,134,43,0,40,37,14,9,27,10,9 agendas para equiparar con la cantidad de mensajes que estan llegando,Se cambio el primer mensaje pero aún siento que no aumento la respuesta la primer mensaje...,11,14,8,9,4,0
529.07,2025-11-20,Elias,168,141,55,2,43,22,12,3,25,8,El día venia flojo de agendas y al final se dieron 3,Siento que no mejoro la respuesta al primer mensaje con el nuevo mensaje automático,10,12,3,2,4,0
1250.86,2025-11-21,Elias,104,92,39,1,43,29,13,5,23,7,Empece a implementar el nuevo vehículo y oferta para ir testeando y se dieron un par de agendas,"Aumentar la respuesta al primer mensaje, hay que ver si aumenta con la nueva estructura",16,13,7,6,3,0
791.99,2025-11-22,Elias,165,97,39,1,34,17,9,4,29,10,"Empece a implementar el nuevo vehículo y el nuevo audio de oferta, y algunas cositas de la nueva estructura, me gusta",Aumentar la respuesta al primer mensaje,4,9,9,7,4,0
1002.1,2025-11-24,Elias,350,252,101,0,67,30,15,3,35,9,2 de las agendas que se dieron fueron con el nuevo audio de oferta,"Aún siguen llegando no leads que ya han llegado en los meses anteriores, optimizar bien la nueva estructura",16,15,2,3,4,0
1129.59,2025-11-25,Elias,167,159,60,0,55,26,18,5,25,9,"Me senti bastante cómodo con la nueva estructura, aún probando los diferentes mensajes, con el correr de los días la voy a ir optimizando y creo que se van a dar varias agendas",Hacer nuevas etapas y ponerlas en la parte experimental de estos reportes para ir testeando e ir viendo donde se quedan los leads,20,18,13,7,3,0
1035.06,2025-11-26,Elias,141,122,47,0,29,16,16,6,35,15,6 agendas para ir recuperando de a poco el promedio diario,"Aún optimizando la nueva estructura, quizas se puede modificar la nueva op para hacerle ver mas el valor",15,16,7,8,2,0
766.15,2025-11-27,Elias,134,119,52,1,38,21,11,5,30,9,5 agendas y me dio el tiempo de hacer aperturas a esos que comentan en la publi y no responden al msj automático,"El primer mensaje siento que no esta filtrando bien a los no leads, muchos estudiantes contestan afirmativamente para que le envíemos el recurso y una vez que los prospecto terminan siendo estudiantes, algunos ni lo dicen pero entrando a su perfil tienen 15 años",15,11,6,6,4,0
1181.66,2025-11-28,Elias,135,90,59,0,25,15,8,5,33,11,Agende un lead cortando un audio de mario luego de unas objeciones post ofrecerle la sesión,"Testeando un nuevo primer mensaje automático, no tengo mucha fe, pero veremos como sigue en los próximos días",14,8,9,5,4,0
702.5,2025-11-29,Elias,132,154,67,0,40,15,10,2,33,5,Pude hacer varias aperturas de leads que no responden a mensajes automáticos,"Las conversaciones con los Chilenos no son efectivas, no les encuentro la vuelta",7,10,4,2,8,0
5213.19,2025-12-01,Elias,187,207,72,1,37,20,16,5,33,10,"5 agendas para arrancar bien el mes con una buena base, de aca en adelante",Aumentar las respuestas al primer mensaje,19,16,9,7,5,0
1120.71,2025-12-02,Elias,130,102,50,1,27,21,13,4,19,5,4 agendas de todas conversaciones que se iniciaron ayer ,"Veremos como se dan los próximos días con la nueva automatización, para seguir mejorando la respuesta al primer mensaje",20,13,4,5,2,11
845.51,2025-12-03,Elias,210,90,46,1,56,42,10,5,37,9,"5 agendas, entre los cambios hechos y las nuevas automatizaciones ","Tema keywords de ads, cuando tocan el boton no se envia la palabra correspondiente, pasa en muchos anuncios ",6,10,7,5,6,12
682.86,2025-12-04,Elias,144,149,46,0,61,41,5,3,44,10,"3 agendas que se dieron en un periodo de 10 minutos, un poco de caos ahi al hacer los grupos y estar pendiente de sus respuestas","Estos días estoy medio abrumado por los cambios de las automatizaciones y el tener que hacer los grupos por whatsapp y demás, veremos como sigue la próxima semana ",26,5,4,4,3,8
985.89,2025-12-05,Elias,112,90,42,0,48,22,11,3,23,8,"3 agendas, aún optimizando bien los tiempos del workflow diario con la nueva estructura","Llegan muchos leads que no trabajan, que igualmente se los lleva a la agenda y terminan no agendando",20,11,6,4,7,18
747.87,2025-12-06,Elias,82,76,34,0,38,26,13,4,40,14,4 agendas que pudieron haber sido más,"Con esta nueva automatización muchos ponen la opción de 'quiero ser residente' y aún son estudiantes, o estan en el internado o servicio social, los filtro una vez que hago la pregunta de si trabaja o no",16,13,8,8,3,19
584.19,2025-12-08,Elias,233,172,72,0,79,47,17,3,44,12,"El workflow del lunes despues del fin de semana, tranquilidad a pesar de muchos chats por responder",Siento que nuestro cuello de botella esta al hacer la oferta hoy día,19,17,4,3,6,17
522.34,2025-12-09,Elias,176,140,70,1,66,24,15,6,33,10,6 agendas como para volver a agarrar ese promedio de a poco,"Mejorar los tiempos quizas de mis respuestas, estos ultimos días estoy terminando de limpiar la bandeja de entra a las 8 de la noche",16,15,11,8,3,12
958.32,2025-12-10,Elias,118,101,57,0,35,29,12,4,32,8,"4 agendas, una de ellas se dió luego de todos los seguimientos ",Subir el porcentaje de oferta a minutos,16,12,5,5,6,15
1841.92,2025-12-11,Elias,108,75,34,1,38,26,8,2,36,11,2 agendas y una de ellas fue ayer la call y fue cerrada con exito,"Quizas sumar pregunta de disposición, post enviar la nueva oportunidad y antes de enviar el vehículo, y puede comprometerlos un poco más a responder la oferta ",16,8,7,4,5,10
820.3,2025-12-12,Elias,131,114,62,0,43,22,11,4,32,10,"Siento que con los cambios que hicimos ayer respondieron mas personas la oferta, que los días anteriores",Seguir optimizando la nueva estructura,15,11,7,5,4,12
861.99,2025-12-13,Elias,151,117,51,1,56,31,13,3,21,9,"3 agendas que podían haber sido mas pero bueno, a seguir optimizando la estructura","Respondieron mas leads las ofertas, pero se quedaron en la etapa del link, veremos como siguen en los próximos días",19,13,12,6,6,16
584.64,2025-12-15,Elias,390,239,53,0,95,49,11,4,37,10,"4 agendas, una de ellas de un residente que viene pateando hace varios días el agendar",Optimizar automatizaciones para poder tener mejor claridad,37,11,12,9,6,20
600.56,2025-12-16,Elias,181,133,45,0,55,30,9,8,29,10,"8 agendas, para retomar a los numeros de antes, veremos como seguimos en los próximos días",Optimizar bien las automatizaciones y las keywords con las que llegan los leads,19,9,7,8,3,18
418.56,2025-12-17,Elias,161,134,51,0,35,26,12,2,22,7,"Una de las agendas se dio sola, ya le habia hecho todos los seguimientos días atras","Optimizando la estructura, veremos como siguen los cambios que estamos haciendo en los próximos días",18,12,7,4,7,18
693.17,2025-12-18,Elias,139,108,40,1,29,10,12,7,26,9,7 agendas para recuperar el promedio de meses anteriores,"Optimizar automatizaciones, keywords de ads, etc.",12,12,9,7,3,8
429.72,2025-12-19,Elias,150,121,44,5,44,18,7,2,25,7,Las agendas se dieron por puro seguimiento,"Automatizaciones, keywords, se estan perdiendo muchos leads, vienen por el recurso, se les envía la clase y no siguen la conversación por mas de que se le envíen 1 o 2 seguimientos",11,7,1,3,9,6
1280.75,2025-12-20,Elias,141,80,30,10,16,17,8,2,26,5,"Me cuesta encontrar 1 victoria cuando solo hubo 2 agendas, quizas que una de ellas fue cuando ya empece mi fin de semana...","Aún optimizando la nueva estructura, keywords con los que llegan por los anuncios, a veces funcionan otras veces no... ",12,8,8,3,2,12
520.06,2025-12-22,Elias,348,206,54,0,70,30,9,6,22,8,6 agendas entre muchos chats por responder ,"keywords por como llegan los mensajes de los leads, optimizar automatizaciones ",17,9,13,10,3,11
1259.92,2025-12-23,Elias,171,117,55,0,56,22,7,7,17,5,7 agendas con muchos seguimientos,Como estos últimos días optimizando la nueva estructura y optimizar automatizaciones,0,7,6,8,6,0
7011.1,2026-01-02,Elias,429,272,150,,,,21,9,22,,9 Agendas para arrancar el año y ver si volvemos a tener el promedio de meses anteriores arriba de 6 7 diarias,Ver la manera de hacer las aperturas a esos que comentan los ads y no les llega nada,,,,11,,
506.09,2026-01-05,Elias,198,159,75,,,,16,9,66,,"9 agendas para seguir con un buen promedio diario, los cambios que hemos hecho en la estructura estan dando resultados",Seguir optimizando la estructura y ver la manera de abrir esos leads que mandan comentarios y no sale la automatización,,,,16,,
4336.04,2026-01-05,Elias,412,289,123,,,,17,10,27,,10 agendas y un buen workflow de lunes volviendo del fin de semana cargado de mensajes,Quizas la rapidez de respuesta a algunos leads y ver de seguir optimizando la estructura que va funcionando bien,,,,10,,
335.56,2026-01-06,Elias,212,132,66,,,,20,7,52,,Pude acomodar la bandeja de entrada mas temprano que otros días,Optimizar bien las automatizaciones ,,,,12,,
342.65,2026-01-07,Elias,201,149,71,,,,17,2,37,,Pude enviar mensajes de apertura a esos leads que no se les envió la automatización,Ver de meter la pregunta de trabajo antes y no al final de la automatización,,,,7,,
361.69,2026-01-08,Elias,199,149,78,,,,15,7,42,,7 agendas para recuperar el promedio que venia teniendo en los últimos días,Seguir testeando los cambios de las preguntas en la estructura,,,,14,,
227.7,2026-01-09,Elias,195,130,86,,,,9,2,35,,Me dio tiempo para enviar mensajes a aquellos leads que no se les envió la automatización dias atras,"Noto que varios leads se quedan luego de nuestra devolución de dolor, ya que es muy largo el mensaje",,,,3,,
363.12,2026-01-10,Elias,210,154,71,,,,20,9,29,,9 agendas para cerrar una buena semana de agendas,Hay que analizar por que hay dias que solo se dan 2 agendas y otros + de 8,,,,13,,
528.24,2026-01-12,Elias,403,255,160,,,,21,6,28,,6 agendas para arrancar la semana con tantos chats,Me demoro mucho en el ultimo seguimiento de enviar los videos y recursos ,,,,8,,
326.7,2026-01-13,Elias,195,137,70,,,,13,2,35,,Pude avanzar con esos leads que no les llego el primer mensaje automático y estan pendientes en la bandeja de entrada,Siento que llegan muchos leads pero son muy pocos los que avanzan y terminan correctamente la automatización,,,,9,,
487.19,2026-01-14,Elias,132,133,66,,,,19,6,29,,Limpiar toda la bandeja de entradas de esos mensajes de apertura que no se habian enviado cerca de las fechas de las fiestas,Ver la manera de aumentar el porcentaje de oferta a link ,,,,6,,
448,2026-01-15,Elias,168,114,58,,,,9,4,37,,"Terminar de limpiar la bandeja de entrada a la mañana, nunca lo habia hecho y ya hace unos días lo estoy implementando","Aumentar la respuesta a nuestra pregunta para profundizar dolor, se quedan muchos en esa etapa",,,,7,,
731.91,2026-01-16,Elias,177,153,75,,,,13,5,35,,Pude hacer muchas aperturas a esos que comentan y no responden al mensaje automático,Aumentar porcentaje de respuesta en la etapa de dolor/necesidad,,,,11,,
542,2026-01-17,Elias,191,124,68,,,,16,3,37,,"Trabajar a pesar de haberme sentido mal el día sabado, lo tomo como win","Optimizar automatizaciones, muchos se quedan en la primera etapa sin avanzar en la automatización",,,,5,,
516.98,2026-01-19,Elias,477,343,176,,,,15,7,34,,"El workflow que tuve, pude limpiar bastante rapido la bandeja de entradas luego del fin de semana","En teoría llegan muchos leads pero no todos avanzan en la automatización, es muy poca la cantidad de ofertas comparado con el numero entrante de leads",,,,11,,
260.37,2026-01-20,Elias,132,103,67,,,,14,3,27,,Cumpliendo con la rutina a pesar de no estar al 100% fisicamente,Sumar seguimientos manuales en las etapas de automatización ,,,,5,,
587.08,2026-01-21,Elias,221,148,81,,,,12,3,33,,Volver a sentirme bien luego de unos días de estar con dolores de cabeza,Aumentar seguimientos para aumentar la conversión de entrantes a agendas,,,,5,,
344.15,2026-01-22,Elias,270,154,91,,,,12,4,66,,4 agendas y pude meter varios seguimientos manuales,"Las automatizaciones, tanto las keywords de como llegan los leads y ver la manera para disminuir la cantidad de leads que no avanzan en las automatizaciones con los botones",,,,5,,
347.07,2026-01-23,Elias,271,198,87,,,,19,7,33,,7 agendas para recuperar el promedio diario,"Muchas fallas con las automatizaciones, hay que seguir optimizando eso",,,,13,,
271.83,2026-01-24,Elias,242,168,81,,,,15,5,32,,4 agendas para cerrar la semana,Automatizaciones y ver la manera de que luego del fin de semana no quede tan desprolijo toda la bandeja de entrada,,,,6,,
2838.09,2026-01-26,Elias,613,388,180,,,,22,8,31,,"8 agendas para empezar la semana, muchos chats tambien del fin de semana acumulados","Se quedan muchos leads en las primeras etapas, no avanzan con la automatización, ver la manera de aumentar ese número",,,,9,,
519.58,2026-01-27,Elias,332,232,85,,,,29,5,37,,El workflow diario que estoy teniendo para limpiar bandeja y seguimientos ,"Veo que se aumento la cantidad de ofertas enviadas, por ese lado cool, hay que ver que tanto llegan al link y se convierten en agendas, para analizar eso",,,,15,,
241.43,2026-01-28,Elias,339,235,108,,,,22,4,43,,Pude cumplir con las tareas del día a pesar de tener una hora menos disponible,Siento que estoy empezando muchas conversaciones desde cero y eso demora mucho más para llegar a la agenda,,,,7,,